,Labels_conf,Inhib,Inhib_mass,CSAR_vrd_dksc,DUD_vrd_dksc,DEKOIS_vrd_dksc,CSAR_vrd_dklef,DUD_vrd_dklef,DEKOIS_vrd_dklef
1aq1,inact_b,STU,440.0,0.7303167420814479,0.6235702614379085,0.7294583333333333,0.8054298642533936,0.6836527643844423,0.6994166666666666
1b38,inact_a,ATP,398.0,0.6778280542986426,0.5663807189542484,0.6756666666666666,0.7990950226244344,0.6611519607843137,0.66196875
1b39,inact_a,ATP,398.0,0.7647058823529412,0.6033563698703525,0.69096875,0.8504524886877828,0.7004212204007286,0.66625
1buh,inact_a,,,0.7081447963800905,0.47038398692810457,0.6882708333333334,0.7812217194570136,0.5724211132540448,0.6500312500000001
1ckp,inact_a,PVB,214.0,0.7669683257918553,0.6392839922854388,0.7203854166666667,0.9,0.7326355405550198,0.6868854166666667
1di8,inact_a,DTQ,282.0,0.7685520361990951,0.642307537769206,0.7299791666666666,0.8364253393665159,0.7020351173256187,0.6906875
1dm2,inact_b,HMD,234.0,0.7703619909502263,0.5729066216650595,0.7450625000000001,0.8490950226244344,0.6724157559198543,0.6851666666666667
1e1v,inact_a,CMG,230.0,0.7067873303167421,0.48751071466838103,0.7184583333333333,0.8138009049773756,0.6084223990142505,0.6761770833333334
1e1x,inact_a,NW1,234.0,0.6561085972850679,0.5341262187935283,0.7242604166666666,0.7873303167420815,0.622793447980285,0.6881770833333333
1e9h,active,INR,332.0,0.7425339366515837,0.5909240062145076,0.7561041666666667,0.823076923076923,0.6544854280510017,0.7075
1f5q,active,,,0.5959276018099547,0.4608111003964427,0.6392708333333332,0.7282805429864254,0.5613649148183864,0.5935729166666667
1fin,active,ATP,398.0,0.7475113122171946,0.626556975249116,0.69609375,0.821945701357466,0.7037662059359262,0.6535520833333333
1fq1,active,ATP,398.0,0.4972850678733032,0.5148297707060966,0.6104270833333334,0.7273755656108598,0.6134616414871961,0.6238229166666667
1fvt,inact_a,106,304.0,0.7153846153846154,0.6109905710918248,0.6979375,0.8701357466063349,0.6918729240330013,0.6642604166666666
1fvv,active,107,434.0,0.7389140271493213,0.6073844155148399,0.6823020833333333,0.8671945701357466,0.7079583199399979,0.6633020833333334
1g5s,inact_b,I17,374.0,0.705656108597285,0.6505678774241936,0.76309375,0.8092760180995476,0.6979200150005356,0.6982604166666666
1gih,inact_b,1PU,292.0,0.7468325791855204,0.6257031501125041,0.7238749999999999,0.8558823529411765,0.7285572699024965,0.6898645833333333
1gii,inact_a,1PU,292.0,0.7936651583710407,0.625652925104468,0.70165625,0.8572398190045248,0.709267518482803,0.6697395833333333
1gij,inact_b,2PU,344.0,0.7592760180995476,0.6340103664416588,0.7007916666666667,0.8592760180995475,0.7193761384335154,0.6865520833333334
1gy3,active,ATP,350.0,0.5509049773755657,0.5246403889424622,0.6461145833333333,0.7097285067873303,0.6214306760955748,0.6115312500000001
1gz8,inact_a,MBP,222.0,0.6902714932126698,0.4617586788813886,0.6733958333333333,0.7918552036199096,0.5805542162220079,0.6502812499999999
1h00,inact_a,FAP,354.0,0.7918552036199095,0.5881482374370512,0.6770937499999999,0.921945701357466,0.710720695381978,0.6793645833333334
1h01,inact_a,FAL,354.0,0.8040723981900453,0.6016520679309976,0.6905625,0.9253393665158371,0.6834451676845601,0.6826354166666667
1h07,inact_a,MFP,404.0,0.8251131221719457,0.5943125200900032,0.6966666666666667,0.9135746606334842,0.7093813618343512,0.6969375
1h08,inact_a,BYP,354.0,0.7085972850678733,0.6222644112289725,0.6924270833333334,0.82579185520362,0.7243551108968177,0.67415625
1h0v,inact_a,UN4,236.0,0.729185520361991,0.5234483820850745,0.6979062500000001,0.8459276018099547,0.625703150112504,0.66653125
1h0w,inact_a,207,228.0,0.7393665158371041,0.48498941926497374,0.6789791666666667,0.8214932126696832,0.607186863816565,0.6578958333333333
1h1p,active,CMG,230.0,0.7095022624434388,0.6679022018643523,0.7194583333333333,0.7963800904977376,0.7204710436087003,0.6703333333333333
1h1q,active,2A6,302.0,0.5945701357466063,0.6102505893067609,0.6684062499999999,0.7081447963800905,0.6655483231543984,0.6298020833333333
1h1r,active,6CP,302.0,0.6886877828054299,0.609748339226401,0.7486458333333333,0.7936651583710408,0.6976588449587485,0.6851145833333333
1h1s,active,4SP,380.0,0.7538461538461539,0.6415943426550947,0.7683854166666667,0.8278280542986426,0.6930080092146148,0.70446875
1h24,active,,,0.7889140271493214,0.5690359477124184,0.7221770833333334,0.9004524886877828,0.6547700364298724,0.6928854166666667
1h25,active,,,0.7307692307692307,0.5104066216650595,0.6808229166666667,0.8248868778280544,0.6133009214614807,0.6365104166666666
1h26,active,,,0.7149321266968326,0.6045550733954784,0.7242187499999999,0.7855203619909502,0.6937279009964642,0.6607291666666666
1h27,active,,,0.5895927601809955,0.5576717025608057,0.6958854166666667,0.7092760180995475,0.6395083306546663,0.6237083333333334
1h28,active,,,0.6097285067873303,0.5564428640308582,0.7264999999999999,0.7346153846153847,0.6477318386370942,0.6683125000000001
1hck,inact_a,ATP,398.0,0.7717194570135747,0.6111814261223615,0.7065,0.8493212669683258,0.7013654505518054,0.6718020833333334
1hcl,inact_a,,,0.6613122171945701,0.4471599432122576,0.6465729166666666,0.7719457013574661,0.5514036215579128,0.6247604166666667
1jst,active,ATP,398.0,0.7599547511312218,0.5840599217829208,0.6584270833333333,0.8384615384615385,0.6715485374477661,0.6225625000000001
1jsv,inact_a,U55,254.0,0.6461538461538462,0.44392880102860816,0.6468645833333333,0.7701357466063349,0.5566872924033002,0.62659375
1jvp,inact_b,,,0.6418552036199094,0.4927173738347798,0.60996875,0.8119909502262443,0.5874149523197256,0.61728125
1ke5,inact_a,LS1,314.0,0.8054298642533937,0.6200578592092575,0.7014583333333333,0.8902714932126696,0.7351467909568199,0.6868229166666666
1ke6,inact_a,LS2,386.0,0.8090497737556561,0.6403956391299689,0.7311979166666667,0.9169683257918552,0.7417564020143577,0.6980625
1ke7,inact_a,LS3,378.0,0.7929864253393666,0.6083487356691311,0.7230416666666667,0.9131221719457013,0.7276699614271938,0.71528125
1ke8,inact_a,LS4,384.0,0.7773755656108597,0.6373386103075109,0.7261979166666668,0.9083710407239819,0.7523974070502517,0.7011145833333332
1ke9,inact_a,LS5,342.0,0.7993212669683258,0.636786135219115,0.7613229166666666,0.9246606334841629,0.7247435176256294,0.7278749999999999
1ogu,active,ST8,348.0,0.8067873303167421,0.6160331618986392,0.7839791666666667,0.8875565610859728,0.6888560752169721,0.7253958333333334
1oi9,active,N20,318.0,0.7721719457013574,0.6414168809600344,0.7669270833333334,0.845475113122172,0.71849887495982,0.7010937500000001
1oiq,inact_b,HDU,254.0,0.8113122171945701,0.5743631468981034,0.6924791666666666,0.8823529411764706,0.6526873727633131,0.6589166666666666
1oir,inact_a,HDY,392.0,0.626923076923077,0.5628113950498232,0.6797812499999999,0.8090497737556561,0.6295738240651453,0.6573333333333333
1oit,inact_a,HDT,352.0,0.6015837104072398,0.5956485053037609,0.65896875,0.7730769230769231,0.6847309278902818,0.6410208333333334
1oiu,active,N76,380.0,0.7751131221719456,0.6495365905925211,0.76459375,0.8323529411764705,0.7093244401585771,0.7081458333333334
1oiy,active,N41,344.0,0.6805429864253394,0.58833239579985,0.7117395833333333,0.8165158371040724,0.6857789563912997,0.6654166666666667
1okv,active,,,0.646606334841629,0.5027657237758492,0.6054270833333333,0.7726244343891403,0.5944431051108967,0.6051979166666668
1okw,active,,,0.6601809954751131,0.5104668916747027,0.636375,0.7601809954751132,0.6218693078324227,0.6203645833333333
1ol1,active,,,0.789366515837104,0.6162541519339977,0.76525,0.8794117647058823,0.6919030590378228,0.703875
1ol2,active,,,0.6429864253393666,0.503308153862638,0.6518437499999999,0.7701357466063349,0.6045416800600021,0.6262083333333333
1p2a,inact_b,5BN,276.0,0.7214932126696832,0.5673818707810993,0.6384791666666667,0.8228506787330317,0.6506649791063968,0.6227604166666667
1p5e,active,TBS,114.0,0.646606334841629,0.5634140951462553,0.7300416666666667,0.7588235294117648,0.6270525286617379,0.66171875
1pf8,inact_b,SU9,230.0,0.7434389140271493,0.5765596539162112,0.6811458333333333,0.8332579185520362,0.663974606235937,0.66334375
1pkd,active,UCN,456.0,0.7389140271493212,0.6004332744026573,0.7628125,0.8504524886877828,0.6584833386906676,0.69653125
1pw2,inact_a,,,0.6518099547511312,0.4527650541090753,0.6463125,0.7737556561085972,0.5868591288974606,0.6269479166666667
1pxi,inact_a,CK1,170.0,0.5486425339366515,0.43904023357977073,0.6299166666666667,0.7115384615384616,0.5367446158791386,0.6104166666666666
1pxj,inact_a,CK2,196.0,0.6481900452488688,0.45274496410586096,0.6482708333333334,0.7855203619909503,0.558438471016822,0.6280104166666667
1pxk,inact_a,CK3,238.0,0.7142533936651584,0.5719255598414229,0.6386770833333333,0.7923076923076924,0.6240792081860067,0.62275
1pxl,inact_a,CK4,280.0,0.7733031674208145,0.5751131736847744,0.6807916666666667,0.8972850678733032,0.6878348333869068,0.6799166666666666
1pxm,inact_a,CK5,284.0,0.8045248868778281,0.533503428693882,0.6799375,0.8604072398190046,0.6307490892531876,0.6607291666666666
1pxn,inact_a,CK6,298.0,0.6830316742081448,0.5781568091717562,0.68759375,0.7902714932126697,0.6492988588878175,0.6741041666666666
1pxo,inact_a,CK7,198.0,0.7031674208144797,0.5572966891674703,0.6358229166666667,0.8619909502262444,0.6594074788385299,0.6319270833333334
1pxp,inact_a,CK8,306.0,0.7436651583710407,0.611111111111111,0.69421875,0.8402714932126697,0.6965070181077896,0.6709375
1pye,inact_b,PM1,326.0,0.7006787330316743,0.6331799796421301,0.7064374999999999,0.8536199095022624,0.7099103985856637,0.6711145833333334
1qmz,active,ATP,398.0,0.6710407239819005,0.6092326958105646,0.7203020833333333,0.7769230769230769,0.6726668809600342,0.6700104166666666
1r78,inact_b,FMD,346.0,0.7633484162895928,0.6481838637094182,0.6906458333333333,0.847737556561086,0.7034648558877102,0.6728229166666666
1urc,active,,,0.7289592760180996,0.5964219704275152,0.7564791666666666,0.8633484162895928,0.6750040180006429,0.70115625
1urw,inact_a,I1P,428.0,0.8316742081447963,0.6400875924140148,0.7408125,0.8891402714932127,0.717799073181185,0.70421875
1v1k,inact_b,3FP,366.0,0.7936651583710408,0.6088777724204436,0.6941041666666666,0.8968325791855204,0.6953049662487946,0.6718125
1vyw,active,292,274.0,0.7823529411764706,0.5874249973213329,0.71346875,0.8821266968325792,0.662166505946641,0.6824583333333334
1vyz,inact_a,N5B,214.0,0.8282805429864254,0.6507386424515161,0.7171979166666667,0.9201357466063348,0.7433636022715097,0.6890104166666666
1w0x,inact_a,OLO,283.0,0.7377828054298643,0.6064569270331084,0.7099062500000001,0.8481900452488689,0.7077373299046394,0.6855833333333333
1w8c,inact_a,N69,266.0,0.5852941176470589,0.42769942676524164,0.6400625,0.7352941176470589,0.5710616897032037,0.6418020833333333
1w98,active,,,0.659502262443439,0.5766266205935926,0.6607291666666667,0.7877828054298642,0.6277255437694202,0.6211666666666666
1wcc,inact_a,CIG,90.0,0.6156108597285068,0.5299374531233257,0.6291145833333334,0.7719457013574661,0.6441189863923711,0.624
1y8y,inact_a,CT7,276.0,0.6484162895927602,0.47759964641594344,0.6712395833333333,0.8045248868778281,0.5715003214400514,0.657
1y91,inact_a,CT9,438.0,0.754524886877828,0.6629600610736097,0.7076041666666666,0.8680995475113122,0.7435142772956177,0.66890625
1ykr,inact_a,628,376.0,0.7418552036199094,0.5780295724847316,0.7456458333333333,0.8785067873303167,0.6844161845065895,0.7163541666666666
2a0c,inact_a,CK9,344.0,0.7830316742081448,0.5973427622415086,0.6350208333333333,0.8744343891402715,0.6730619843565842,0.62634375
2a4l,inact_a,RRC,328.0,0.790497737556561,0.6175198221365049,0.694125,0.8411764705882353,0.7024871423979429,0.6615729166666666
2b52,inact_b,D42,414.0,0.7703619909502263,0.6121156112718311,0.7458125,0.858371040723982,0.7086078967105969,0.69584375
2b53,inact_a,D23,284.0,0.7841628959276018,0.6196995874852673,0.7379375,0.921945701357466,0.7152342494374799,0.7002916666666666
2b54,inact_a,D05,344.0,0.6658371040723982,0.5040213489767491,0.6666145833333333,0.7705882352941177,0.6026331297546341,0.6227291666666667
2b55,inact_b,D31,390.0,0.7242081447963801,0.6508156541305046,0.7246145833333333,0.788235294117647,0.7152275527697418,0.6731145833333334
2bhe,inact_b,BRY,252.0,0.7563348416289594,0.628509053894782,0.68671875,0.8493212669683259,0.71143054216222,0.6609166666666666
2bhh,inact_b,RYU,418.0,0.5805429864253393,0.5798678077788493,0.64196875,0.7742081447963801,0.678372441872924,0.6382395833333333
2bkz,active,SBC,344.0,0.7020361990950227,0.5634475784849459,0.7195104166666666,0.8296380090497738,0.6520746276652738,0.6686354166666666
2bpm,active,529,318.0,0.7760180995475113,0.6073542805100183,0.7191354166666666,0.9171945701357466,0.6612624558019929,0.6768020833333332
2btr,inact_b,U73,246.0,0.8194570135746606,0.6118343512268296,0.7095833333333333,0.8945701357466064,0.6999323636558449,0.6860520833333332
2bts,inact_b,U32,282.0,0.6395927601809954,0.5477840726454516,0.6365,0.8196832579185521,0.637994883745848,0.631125
2c4g,active,514,256.0,0.8147058823529412,0.6123031179684989,0.6966249999999999,0.8911764705882353,0.7062171863280831,0.667625
2c5n,active,CK8,306.0,0.6459276018099548,0.5470909675345549,0.7157708333333332,0.8081447963800905,0.6248258866388086,0.6711666666666667
2c5o,active,CK2,196.0,0.7144796380090498,0.5853557269902496,0.7223541666666666,0.8493212669683258,0.6575290635379835,0.6776562500000001
2c5v,active,CK4,280.0,0.7296380090497738,0.5472684292296154,0.6850208333333334,0.851131221719457,0.6285023572270438,0.6462395833333333
2c5x,active,MTW,358.0,0.6966063348416289,0.5127303653701918,0.6918333333333333,0.8380090497737557,0.5782338208507447,0.66434375
2c5y,inact_a,MTW,358.0,0.718552036199095,0.5443553787635272,0.7054583333333334,0.8156108597285068,0.6316698810671809,0.671875
2c68,inact_a,CT6,286.0,0.6678733031674208,0.4461420497160613,0.6390833333333333,0.7561085972850679,0.5850108486017358,0.6323645833333333
2c69,inact_a,CT8,288.0,0.7006787330316743,0.45206525233044037,0.6378229166666667,0.7936651583710407,0.5994957409193185,0.6225833333333333
2c6i,inact_a,DT1,380.0,0.6760180995475114,0.5011417818493518,0.65303125,0.8133484162895929,0.5980358673524054,0.6273229166666666
2c6k,inact_a,DT2,366.0,0.6319004524886878,0.5218143951569699,0.6901562499999999,0.7959276018099548,0.6148478517089896,0.659375
2c6l,inact_a,DT4,380.0,0.6852941176470588,0.5093217614914819,0.6690520833333333,0.8088235294117647,0.6142217132754741,0.6480729166666667
2c6m,inact_a,DT5,368.0,0.6886877828054297,0.5096097182042215,0.7000104166666666,0.8450226244343891,0.6007312761170042,0.6630833333333334
2c6o,inact_a,4SP,380.0,0.8006787330316741,0.6152663934426229,0.7053645833333333,0.8812217194570136,0.7095119468552449,0.68409375
2c6t,active,DT5,368.0,0.7104072398190046,0.5530342601521482,0.67084375,0.8447963800904977,0.6241495231972571,0.6493645833333332
2cch,active,ATP,398.0,0.7018099547511313,0.5992312225436622,0.7301249999999999,0.8341628959276017,0.6601240222865102,0.6881979166666667
2cci,active,ATP,398.0,0.7285067873303167,0.6189562573663344,0.7519583333333333,0.8287330316742081,0.689003401907211,0.6880729166666667
2cjm,active,ATP,398.0,0.6635746606334841,0.5111666934533375,0.6831354166666668,0.7807692307692308,0.6259576234865531,0.6343958333333333
2clx,inact_a,F18,208.0,0.7165158371040725,0.6134448998178507,0.693125,0.879185520361991,0.7032103825136612,0.6803020833333333
2ds1,inact_a,1CD,382.0,0.7328054298642535,0.6480164470159648,0.7434270833333333,0.8416289592760181,0.6995707435979857,0.6943333333333332
2duv,inact_a,371,386.0,0.7296380090497738,0.5982735990571093,0.6891770833333333,0.8015837104072399,0.6823636558448516,0.65525
2exm,inact_a,ZIP,190.0,0.6273755656108597,0.4738796474874103,0.6304791666666666,0.7660633484162896,0.5899429443908711,0.6092291666666667
2fvd,inact_b,LIA,382.0,0.7669683257918553,0.6011665595199829,0.69596875,0.9235294117647058,0.7003977820636451,0.6753854166666666
2g9x,active,NU5,456.0,0.7807692307692308,0.6443634147648131,0.7843229166666666,0.8703619909502263,0.7039101842922961,0.7325833333333333
2i40,active,BLZ,402.0,0.7244343891402716,0.5992111325404479,0.7331770833333333,0.8411764705882353,0.6561629433194043,0.685125
2iw6,active,QQ2,404.0,0.8006787330316743,0.6324969195328404,0.7904375,0.8710407239819005,0.7105934586949534,0.7201979166666668
2iw8,active,4SP,380.0,0.8339366515837104,0.6356376567020251,0.7903541666666667,0.8997737556561086,0.7148625843780135,0.7275312500000001
2iw9,active,4SP,380.0,0.8022624434389141,0.6422104360870031,0.7879166666666667,0.8791855203619909,0.7249008893174755,0.7264895833333334
2j9m,inact_b,PY8,290.0,0.6660633484162896,0.5274027643844422,0.6716354166666667,0.78710407239819,0.6111479427836709,0.6583958333333333
2jgz,active,,,0.68710407239819,0.5754312654023357,0.7107187500000001,0.78868778280543,0.6888259402121504,0.66815625
2r3f,inact_a,SC8,286.0,0.684841628959276,0.4333011893281903,0.5792291666666667,0.8009049773755657,0.562302448301725,0.5711458333333334
2r3g,inact_a,SC9,286.0,0.685972850678733,0.4481276117004178,0.6905,0.8205882352941176,0.5575712525447337,0.6730833333333334
2r3h,inact_a,SCE,226.0,0.683710407239819,0.6043006000214294,0.66978125,0.8511312217194571,0.7204810886103075,0.650625
2r3i,inact_a,SCF,286.0,0.6389140271493213,0.4772380263580842,0.6564270833333333,0.7918552036199096,0.567268027429551,0.63184375
2r3j,inact_a,SCJ,286.0,0.7746606334841628,0.6269453819779278,0.653875,0.882579185520362,0.7206016286295939,0.6497604166666666
2r3k,inact_a,SCQ,286.0,0.7269230769230769,0.5802126861673631,0.6503958333333333,0.8533936651583711,0.6840846994535519,0.6331041666666667
2r3l,inact_b,SCW,286.0,0.795475113122172,0.6331331029679631,0.6709895833333333,0.9095022624434389,0.7313029036751313,0.6566041666666667
2r3m,inact_a,SCX,326.0,0.7264705882352941,0.6154572484731599,0.6977083333333333,0.8386877828054299,0.7037829476052716,0.6539999999999999
2r3n,inact_b,SCZ,322.0,0.7590497737556561,0.592648398157077,0.62915625,0.8409502262443439,0.6900179470695382,0.6188854166666666
2r3o,inact_a,2SC,314.0,0.7049773755656109,0.4527382674381228,0.6712708333333334,0.8031674208144797,0.5892531876138434,0.6503125000000001
2r3p,inact_a,3SC,344.0,0.8398190045248869,0.6025125897353478,0.7292604166666667,0.9,0.708718391728276,0.6928854166666666
2r3q,inact_a,5SC,314.0,0.7291855203619909,0.48212994214079075,0.6236354166666667,0.820814479638009,0.5701040662166507,0.61209375
2r3r,inact_a,6SC,286.0,0.7058823529411765,0.4360535197685631,0.6635625,0.8386877828054299,0.571024858030644,0.6455520833333334
2r64,inact_a,740,426.0,0.8162895927601809,0.6396389156755597,0.7480208333333332,0.9205882352941176,0.7535023572270438,0.7268333333333333
2uue,active,MTZ,348.0,0.7423076923076924,0.592946399871424,0.6584583333333334,0.8766968325791855,0.6726668809600342,0.64653125
2uzb,active,C75,350.0,0.7214932126696834,0.603530483231544,0.7566770833333334,0.8468325791855204,0.6780911818279225,0.7144479166666666
2uzd,active,C85,338.0,0.7165158371040724,0.6016654612664738,0.7389791666666666,0.8237556561085972,0.682537769206043,0.7012395833333334
2uze,active,C95,304.0,0.7036199095022625,0.6082148023143683,0.7346666666666667,0.831447963800905,0.694970132861888,0.6841666666666666
2uzl,active,C94,350.0,0.7187782805429864,0.5767036322725811,0.6991875000000001,0.8135746606334842,0.6665963516554163,0.6713541666666667
2uzn,inact_a,C96,350.0,0.7176470588235295,0.5891962659380693,0.6603541666666667,0.8595022624434389,0.6995473052609023,0.6408333333333334
2uzo,inact_a,C62,340.0,0.7013574660633485,0.610207060966463,0.6708333333333333,0.8411764705882353,0.7202801885781634,0.6537916666666667
2v0d,inact_a,C53,198.0,0.6613122171945701,0.5107180167148826,0.6783541666666667,0.7859728506787331,0.6186214239794278,0.6505416666666667
2v22,active,,,0.6823529411764706,0.5700103128683167,0.6988854166666666,0.8079185520361991,0.646513045108754,0.66653125
2vta,inact_a,LZ1,112.0,0.6024886877828055,0.559088047787421,0.6098020833333333,0.7766968325791855,0.6619287742419372,0.5976458333333333
2vth,inact_a,LZ2,214.0,0.7205882352941176,0.6009857494910531,0.6290729166666668,0.8782805429864253,0.6835020893603343,0.6196875
2vti,inact_a,LZ3,304.0,0.7398190045248868,0.6341074681238615,0.67284375,0.8574660633484164,0.7295081967213115,0.6609479166666666
2vtj,inact_a,LZ4,240.0,0.7278280542986425,0.5829147915997,0.6652604166666667,0.8828054298642535,0.6921240490731813,0.6494791666666666
2vtl,inact_a,LZ5,178.0,0.6239819004524887,0.44416988106718097,0.6491979166666667,0.7737556561085973,0.536319377477767,0.6281041666666667
2vtm,inact_a,LZM,140.0,0.6205882352941177,0.4696239151398264,0.6439687500000001,0.7823529411764706,0.5872977606343084,0.63365625
2vtn,inact_b,LZ7,232.0,0.7135746606334842,0.5957991803278688,0.6832083333333333,0.83868778280543,0.6908081538626379,0.6646979166666667
2vto,inact_a,LZ8,292.0,0.6631221719457013,0.5693406460945034,0.6525833333333333,0.8375565610859729,0.66281608271724,0.64759375
2vtp,inact_a,LZ9,292.0,0.7205882352941176,0.6186850423229401,0.6803333333333333,0.8486425339366516,0.7136036108432444,0.6556979166666667
2vtq,inact_b,LZA,294.0,0.6830316742081448,0.6221940962177221,0.7457708333333333,0.7938914027149322,0.6664724633022608,0.7137395833333333
2vtr,inact_a,LZB,190.0,0.7839366515837104,0.6259375334833387,0.6675625,0.8898190045248868,0.7119394889103182,0.6460312500000001
2vts,inact_a,LZC,290.0,0.6599547511312218,0.45132527054537663,0.6422708333333333,0.7911764705882354,0.5629151933997644,0.6210104166666667
2vtt,inact_b,LZD,294.0,0.5807692307692308,0.5642913586199507,0.63409375,0.6981900452488687,0.6407673041894354,0.6272708333333333
2vu3,inact_b,LZE,294.0,0.6671945701357466,0.5797673577627773,0.71453125,0.7823529411764707,0.6618450658952106,0.6745000000000001
2vv9,inact_b,IM9,406.0,0.8486425339366516,0.6058173952641165,0.6729270833333333,0.910180995475113,0.7014893389049609,0.6521979166666667
2w05,inact_b,FRT,404.0,0.7635746606334841,0.5799816511303976,0.7429583333333333,0.8699095022624435,0.6716925158041358,0.6913958333333333
2w06,inact_a,FRV,364.0,0.7723981900452489,0.593351548269581,0.7281458333333334,0.9090497737556561,0.7116615771991858,0.71046875
2w17,inact_b,I19,402.0,0.7085972850678733,0.6263359852137576,0.7071458333333333,0.8135746606334842,0.678117968498875,0.6584270833333332
2w1h,inact_a,L0F,290.0,0.7031674208144796,0.5475195542697954,0.6835000000000001,0.823076923076923,0.6280201971498982,0.6709166666666666
2wev,active,CK7,316.0,0.746606334841629,0.5911985695917711,0.7390416666666667,0.8178733031674209,0.6563069216757741,0.6874166666666667
2wfy,active,,,0.6226244343891403,0.530449748205293,0.64678125,0.7635746606334842,0.620784447658845,0.6346458333333334
2whb,active,,,0.6990950226244343,0.6326676845601629,0.7198958333333334,0.8350678733031675,0.7089561234329798,0.6726875
2wih,active,P48,428.0,0.7153846153846154,0.6107695810564663,0.7391770833333333,0.8705882352941176,0.682430622522233,0.6958229166666667
2wip,active,P49,306.0,0.6737556561085973,0.4988716114861246,0.6806458333333334,0.7977375565610859,0.6047425800921462,0.6660416666666666
2wma,active,,,0.530316742081448,0.587177220615022,0.6650625,0.6979638009049774,0.6542811796849888,0.63434375
2wmb,active,,,0.6595022624434389,0.6245848066002357,0.7428958333333333,0.7461538461538463,0.6643630129647486,0.6813958333333333
2wpa,active,889,330.0,0.7563348416289593,0.5915836279867138,0.7199791666666666,0.9036199095022625,0.6815968873888353,0.6696562500000001
2wxv,active,WXV,394.0,0.7468325791855204,0.5865510821815064,0.7531041666666667,0.854524886877828,0.6377705453766206,0.6989375
2x1n,active,X1N,326.0,0.7380090497737556,0.5839025500910746,0.7400729166666666,0.8703619909502263,0.6546896764170148,0.6986041666666667
2xmy,inact_a,CDK,414.0,0.7079185520361991,0.6301597824922318,0.6581666666666667,0.8450226244343891,0.7094248901746492,0.6481979166666667
2xnb,inact_a,Y8L,360.0,0.7925339366515838,0.6145498499946427,0.7561874999999999,0.8834841628959277,0.7134931158255652,0.7198541666666667
3bht,active,MFR,230.0,0.7190045248868779,0.5742693935497696,0.7167916666666667,0.8165158371040724,0.6742004178720669,0.6640104166666667
3bhu,active,MHR,254.0,0.6841628959276018,0.5506335047680274,0.6880104166666666,0.8135746606334843,0.6594644005143041,0.6478020833333333
3bhv,active,VAR,282.0,0.6414027149321267,0.5695582877959927,0.7015104166666667,0.7760180995475113,0.6498345923068682,0.6556354166666667
3ddp,active,RC8,402.0,0.758371040723982,0.653792322940105,0.7534479166666667,0.8479638009049775,0.7592045698060645,0.7091979166666668
3ddq,active,RRC,328.0,0.7841628959276019,0.6129024697310618,0.7390208333333332,0.8506787330316742,0.6921474874102647,0.6874479166666666
3dog,active,NNN,328.0,0.8020361990950226,0.6298115557698489,0.7544375,0.8803167420814481,0.7139652309011036,0.70665625
3eid,active,PO5,460.0,0.7866515837104073,0.5731142183649416,0.7527604166666666,0.9024886877828054,0.6462016500589307,0.6980000000000001
3ej1,active,5BP,240.0,0.7040723981900452,0.5728262616522019,0.6674895833333334,0.828054298642534,0.6644199346405228,0.6465416666666667
3eoc,active,T2A,370.0,0.7420814479638009,0.6506482374370514,0.7522395833333333,0.8423076923076922,0.7317515804135861,0.7005729166666665
3ezr,inact_b,EZR,426.0,0.719683257918552,0.4875508946748098,0.6777708333333333,0.8063348416289593,0.5743597985642344,0.6645833333333333
3ezv,inact_b,EZV,398.0,0.7997737556561086,0.5916874263366548,0.6492291666666666,0.8029411764705882,0.6680930568948891,0.6391041666666666
3f5x,active,EZV,398.0,0.7153846153846155,0.6319109611057537,0.73503125,0.789819004524887,0.7192589467480981,0.6945416666666666
3fz1,inact_a,B98,262.0,0.6882352941176471,0.616773143683703,0.6527604166666666,0.8610859728506787,0.733847637415622,0.656375
3ig7,inact_a,EFP,320.0,0.8104072398190045,0.6052716168434586,0.7287083333333334,0.8959276018099548,0.7152777777777778,0.68871875
3igg,inact_a,EFQ,282.0,0.7723981900452489,0.6072605271616843,0.718625,0.8920814479638008,0.725018081002893,0.6942604166666666
3le6,inact_a,2BZ,306.0,0.7210407239819004,0.6750040180006429,0.7037812499999999,0.8884615384615384,0.7282726615236259,0.6809479166666667
3lfn,inact_a,A27,350.0,0.816289592760181,0.6008350744669453,0.7028125,0.8864253393665158,0.6991890335369121,0.68015625
3lfq,inact_a,A28,262.0,0.7251131221719457,0.6090117057752062,0.7076666666666667,0.8739819004524887,0.6779103717989928,0.6835729166666666
3lfs,inact_a,A07,262.0,0.6787330316742082,0.5793153326904532,0.71709375,0.8056561085972851,0.6636464695167684,0.6845416666666666
3my5,active,RFZ,236.0,0.7907239819004525,0.585020893603343,0.6847395833333334,0.8561085972850679,0.6861070931104682,0.656375
3ns9,inact_a,NS9,358.0,0.8004524886877828,0.5763654505518054,0.66559375,0.86289592760181,0.6559118182792243,0.6485624999999999
3pj8,inact_a,404,328.0,0.7624434389140272,0.6024891513982642,0.7350833333333333,0.8968325791855204,0.6869106932390443,0.7003333333333334
3pxf,inact_ope,2AN,286.0,0.710633484162896,0.44499357119897137,0.6802708333333334,0.7970588235294118,0.5776813457623486,0.6500937499999999
3pxq,inact_ope,2AN,286.0,0.6495475113122172,0.4381395317689918,0.6650729166666667,0.7993212669683258,0.5536570502517947,0.65196875
3pxr,inact_a,,,0.7350678733031675,0.5917610896817743,0.6913333333333334,0.857918552036199,0.6704368906032359,0.6598958333333333
3pxy,inact_a,JWS,222.0,0.7454751131221719,0.612962739740705,0.7519375,0.8126696832579186,0.6871316832744027,0.7078958333333334
3pxz,inact_ope,2AN,286.0,0.710633484162896,0.48510326261652204,0.6869791666666667,0.8219457013574661,0.6132038197792777,0.6574166666666666
3py0,inact_b,SU9,230.0,0.7092760180995475,0.6217956444873032,0.684875,0.846606334841629,0.6993731918997107,0.6672708333333334
3py1,inact_ope,2AN,286.0,0.6536199095022625,0.562854923390121,0.6853333333333332,0.7929864253393665,0.6658329315332691,0.66271875
3qhr,active,ADP,350.0,0.7013574660633484,0.5544807403835852,0.7159687499999999,0.8296380090497738,0.6408911925425907,0.6817083333333334
3qhw,active,ADP,350.0,0.6966063348416289,0.5828310832529733,0.7172708333333333,0.7936651583710408,0.6829429176042001,0.6661979166666667
3ql8,inact_a,X01,206.0,0.6828054298642534,0.5672512857602058,0.7044687500000001,0.8296380090497737,0.6642659112825459,0.6722083333333333
3qqf,inact_a,X07,260.0,0.7651583710407239,0.5970983338690667,0.7042604166666667,0.8782805429864254,0.7168648880317154,0.678625
3qqg,inact_a,X06,194.0,0.7203619909502262,0.6347269098896389,0.7017083333333334,0.8199095022624434,0.7211474070502518,0.6825937499999999
3qqh,inact_a,X0A,266.0,0.7554298642533936,0.5767705989499625,0.7176145833333333,0.8558823529411764,0.6835690560377157,0.6813854166666666
3qqj,inact_a,X11,194.0,0.6819004524886878,0.6071098521375763,0.6871354166666667,0.7861990950226244,0.7036691042537234,0.66309375
3qqk,inact_b,X02,246.0,0.7631221719457014,0.6494997589199614,0.7365833333333333,0.8975113122171946,0.736814261223615,0.7118333333333333
3qql,inact_a,X03,228.0,0.6165158371040724,0.547097664202293,0.68609375,0.7907239819004526,0.6480298403514411,0.66353125
3qrt,inact_b,X14,376.0,0.724660633484163,0.5995091342547948,0.7189895833333333,0.8798642533936651,0.6743979695703417,0.6864479166666666
3qru,inact_b,X19,226.0,0.7760180995475113,0.6166057269902496,0.7615520833333334,0.8576923076923078,0.7155992178292081,0.72540625
3qtq,inact_b,X35,248.0,0.7656108597285068,0.6265737169184613,0.6903229166666667,0.8997737556561086,0.72682283295832,0.6667916666666667
3qtr,inact_b,X36,282.0,0.6613122171945702,0.6396054323368693,0.7027395833333333,0.8226244343891403,0.7216496571306117,0.6994270833333334
3qts,inact_a,X46,310.0,0.6907239819004525,0.5598749062466516,0.6540625,0.8126696832579186,0.6601072806171648,0.6448125
3qtu,inact_b,X44,438.0,0.7737556561085973,0.5838925050894676,0.7068645833333334,0.893212669683258,0.7013487088824601,0.6911875
3qtw,inact_a,X3A,284.0,0.6880090497737558,0.5678941658630665,0.6618541666666666,0.8099547511312217,0.6796849887495982,0.6358958333333333
3qtx,inact_b,X43,406.0,0.7384615384615385,0.6282010071788279,0.6865729166666666,0.8864253393665158,0.7306935069109612,0.6757291666666667
3qtz,inact_b,X42,360.0,0.7640271493212669,0.6342146148076717,0.70446875,0.8889140271493213,0.7456136826315225,0.6837604166666666
3qu0,inact_b,X40,362.0,0.8033936651583711,0.6086634790528233,0.7324791666666667,0.9287330316742082,0.7165133129754635,0.7104270833333333
3qwj,inact_a,X6A,276.0,0.7092760180995475,0.5848166452373299,0.623,0.865158371040724,0.695874183006536,0.6123645833333333
3qwk,inact_b,X62,262.0,0.7712669683257919,0.6239084431586843,0.6553854166666667,0.8481900452488688,0.7159005678774242,0.63821875
3qx2,inact_a,X63,330.0,0.7701357466063349,0.5255678774241939,0.690875,0.8339366515837103,0.633926658094932,0.65434375
3qx4,inact_a,X4B,260.0,0.7054298642533936,0.592742151505411,0.6399166666666667,0.8414027149321268,0.7073690131790422,0.6181770833333333
3qxo,inact_a,X65,336.0,0.7610859728506788,0.603527134897675,0.7553229166666667,0.8963800904977376,0.6977592949748206,0.7342083333333332
3qxp,inact_b,X64,406.0,0.7395927601809955,0.5858512804028716,0.7181354166666667,0.8757918552036198,0.6954355512696881,0.6817604166666666
3qzf,inact_a,X66,210.0,0.694343891402715,0.5619341315761276,0.6242395833333334,0.8334841628959276,0.6565781367191685,0.6114791666666667
3qzg,inact_a,X67,194.0,0.7380090497737557,0.6073442355084109,0.6884479166666666,0.8409502262443439,0.7364492928318869,0.6706770833333333
3qzh,inact_a,X69,288.0,0.7475113122171946,0.5917878763527269,0.6793020833333333,0.9131221719457013,0.7136672291867566,0.6704166666666667
3qzi,inact_a,X72,262.0,0.7285067873303167,0.5733921300760741,0.6847083333333334,0.8307692307692308,0.676865691631844,0.6681458333333334
3r1q,inact_a,X75,260.0,0.7884615384615384,0.6188491106825244,0.7324895833333334,0.9063348416289593,0.6975952266152363,0.6985416666666666
3r1s,inact_a,X73,260.0,0.7914027149321268,0.6042503750133933,0.6929895833333334,0.9074660633484163,0.7271074413371905,0.6776458333333333
3r1y,inact_a,X76,214.0,0.5821266968325792,0.5340860387870996,0.6237083333333333,0.7328054298642535,0.6411691042537233,0.6202708333333333
3r28,inact_a,XA0,258.0,0.7642533936651583,0.5715773331190399,0.6828333333333333,0.8771493212669683,0.6640650112504018,0.6618958333333333
3r6x,inact_a,X84,326.0,0.7755656108597285,0.6012937962070074,0.6979583333333333,0.9097285067873303,0.6987437051323261,0.6725104166666667
3r71,inact_a,X86,338.0,0.678054298642534,0.46531460945033754,0.6734375,0.7988687782805431,0.5881649791063968,0.6579895833333333
3r73,inact_a,X87,324.0,0.7932126696832579,0.6185477606343084,0.6843541666666666,0.8895927601809955,0.7368042162220079,0.6669270833333334
3r7e,inact_a,X88,262.0,0.7325791855203619,0.6206706043072967,0.6770833333333334,0.8701357466063347,0.6971097182042216,0.6466041666666666
3r7i,inact_a,X9I,302.0,0.6721719457013575,0.564462123647273,0.6853958333333333,0.8427601809954751,0.6457328833172614,0.6573229166666666
3r7u,inact_a,X96,284.0,0.6726244343891403,0.5975704489446053,0.6589791666666667,0.8316742081447963,0.6958574413371905,0.6648125
3r7v,inact_a,Z02,260.0,0.7228506787330317,0.6037749116039859,0.68440625,0.8947963800904977,0.7196808368156006,0.65571875
3r7y,inact_a,Z04,354.0,0.7742081447963801,0.580055314475517,0.73225,0.8504524886877828,0.6901753187613843,0.7128854166666667
3r83,inact_a,Z14,364.0,0.6300904977375565,0.52558127075967,0.6246666666666666,0.7585972850678733,0.6147607950283939,0.6139479166666667
3r8l,inact_a,Z30,216.0,0.7285067873303167,0.5864975088396014,0.6907083333333333,0.8171945701357466,0.6815131790421087,0.67059375
3r8m,inact_b,Z19,168.0,0.6717194570135747,0.6002926443801564,0.7052604166666666,0.8013574660633483,0.6955426979534983,0.6798854166666667
3r8p,inact_a,Z46,204.0,0.6762443438914026,0.5657478838529947,0.7109791666666667,0.8088235294117647,0.6843090378227794,0.66515625
3r8u,inact_a,Z31,294.0,0.7138009049773756,0.4517136772741883,0.6482708333333332,0.8289592760180996,0.5710215096967748,0.6330625
3r8v,inact_a,Z62,292.0,0.583710407239819,0.45691363977284905,0.6854583333333334,0.7518099547511312,0.5729401050037501,0.6591354166666668
3r8z,inact_b,Z63,248.0,0.7604072398190045,0.5817830547519554,0.6524687499999999,0.8823529411764706,0.6795778420657881,0.6359479166666666
3r9d,inact_b,X6B,374.0,0.7481900452488689,0.591339199614272,0.7155208333333334,0.8742081447963801,0.7007995821279331,0.6941249999999999
3r9h,inact_b,Z67,374.0,0.8024886877828055,0.5992546608807457,0.71196875,0.8819004524886878,0.7057450712525447,0.6924375
3r9n,inact_a,Z68,328.0,0.6832579185520362,0.5549729454623379,0.6989791666666667,0.7728506787330317,0.6634690078217078,0.6695625000000001
3r9o,inact_b,Z71,374.0,0.715158371040724,0.568570529304618,0.7016666666666667,0.8690045248868778,0.6624008893174756,0.694
3rah,inact_a,O1Z,330.0,0.6144796380090497,0.5020659219972142,0.6935208333333334,0.7251131221719457,0.62159139612129,0.6779791666666666
3rai,inact_a,X85,388.0,0.7194570135746606,0.5125696453444766,0.6918437500000001,0.8054298642533937,0.6211192810457516,0.6599583333333333
3rak,inact_b,03Z,360.0,0.6952488687782805,0.644306493089039,0.65559375,0.8644796380090498,0.7314803653701919,0.6579166666666667
3ral,inact_b,04Z,388.0,0.7024886877828055,0.6419693560484304,0.7146770833333334,0.8359728506787331,0.7398478517089897,0.6956458333333333
3rjc,inact_b,06Z,282.0,0.7789592760180996,0.6393743972999036,0.7010937500000001,0.8959276018099547,0.7348153059037823,0.6830208333333334
3rk5,inact_b,07Z,328.0,0.6914027149321267,0.5873145023036538,0.6866875000000001,0.8721719457013575,0.6739392478302796,0.6804166666666667
3rk7,inact_b,08Z,326.0,0.6830316742081448,0.6007480177863495,0.6813020833333333,0.8683257918552036,0.6962625897353477,0.6786041666666667
3rk9,inact_b,09Z,248.0,0.8015837104072397,0.6011062895103397,0.7366770833333334,0.8970588235294118,0.6962692864030858,0.7134375000000001
3rkb,inact_a,12Z,284.0,0.7359728506787331,0.6230043930140362,0.7018229166666666,0.8511312217194571,0.7160545912354014,0.6895833333333333
3rm6,inact_a,18Z,390.0,0.7490950226244344,0.5633437801350049,0.6560625,0.8653846153846153,0.6288070556091289,0.63753125
3rm7,inact_a,19Z,274.0,0.7457013574660634,0.5868524322297224,0.71053125,0.8719457013574661,0.6900681720775742,0.6794374999999999
3rmf,inact_b,20Z,408.0,0.7024886877828054,0.6322491428265296,0.6721770833333334,0.8601809954751131,0.7289724633022607,0.6767708333333333
3rni,inact_b,21Z,360.0,0.6997737556561086,0.610602164363013,0.7071041666666666,0.8665158371040724,0.7057919479267117,0.6842187500000001
3roy,inact_a,22Z,346.0,0.7798642533936653,0.6293729240330012,0.6883229166666668,0.9045248868778281,0.7060028929604629,0.6774374999999999
3rpo,inact_a,24Z,354.0,0.7590497737556561,0.6102907693131898,0.6971354166666667,0.8585972850678734,0.7196071734704812,0.68034375
3rpr,inact_a,25Z,294.0,0.638235294117647,0.5585054376942034,0.7046979166666667,0.7769230769230769,0.6518569859637844,0.6782916666666667
3rpv,inact_b,26Z,374.0,0.795475113122172,0.621290046073074,0.7056458333333333,0.8868778280542986,0.7270505196614165,0.6913645833333334
3rpy,inact_b,27Z,302.0,0.7230769230769231,0.6069256937747778,0.66715625,0.8486425339366517,0.6831538626379513,0.659125
3rzb,inact_a,02Z,224.0,0.6970588235294117,0.6195455641272902,0.7064583333333333,0.8067873303167421,0.6952614379084967,0.6876354166666667
3s00,inact_a,Z60,254.0,0.7085972850678733,0.5278648344583735,0.7368541666666667,0.8570135746606334,0.6393141272902603,0.6974895833333333
3s0o,inact_b,50Z,248.0,0.8024886877828055,0.6395518589949641,0.71265625,0.8708144796380091,0.7465947444551592,0.6933333333333334
3s1h,inact_b,56Z,388.0,0.7296380090497738,0.6366053251901853,0.6747916666666667,0.8728506787330317,0.7344771241830066,0.6875625
3s2p,inact_a,PMU,308.0,0.7015837104072398,0.5946105218043501,0.6609687500000001,0.8733031674208146,0.7039637576342013,0.6461770833333333
3sqq,inact_b,99Z,372.0,0.8106334841628959,0.6383598521375764,0.7050208333333333,0.8997737556561086,0.7337907157398479,0.6892395833333333
3sw4,inact_a,18K,308.0,0.7828054298642534,0.6058073502625094,0.7642395833333333,0.888235294117647,0.7089025500910746,0.7290104166666667
3sw7,inact_b,19K,352.0,0.7432126696832579,0.5924608914604093,0.7285208333333333,0.8552036199095023,0.6742171595414121,0.6899270833333333
3ti1,inact_b,B49,352.0,0.7199095022624434,0.6209652576877746,0.6631250000000001,0.8402714932126697,0.7095353851923283,0.6503645833333334
3tiy,inact_a,TIY,212.0,0.6558823529411765,0.587324547305261,0.6802083333333333,0.8278280542986426,0.6778634951248259,0.6615520833333333
3tiz,inact_a,3TI,250.0,0.7742081447963801,0.5880745740919318,0.7210729166666667,0.8662895927601809,0.695127504553734,0.6795520833333333
3tnw,active,F18,208.0,0.7253393665158371,0.5764525072324012,0.7364479166666668,0.8513574660633484,0.6447920015000537,0.6841145833333333
3uli,inact_b,1N3,368.0,0.7834841628959276,0.6242030965391621,0.7093333333333334,0.8590497737556562,0.7138513875495553,0.6888749999999999
3unj,inact_b,0BX,292.0,0.8072398190045249,0.6176571038251366,0.7363854166666667,0.859049773755656,0.7086078967105969,0.7009479166666667
3unk,inact_a,0BY,292.0,0.8171945701357467,0.6459572216864887,0.7366770833333333,0.864027149321267,0.7484731597557055,0.7002604166666667
3wbl,inact_a,PDY,340.0,0.7097285067873303,0.6160867352405442,0.6759895833333334,0.8739819004524888,0.7125120540019287,0.65146875
4acm,inact_a,7YG,441.0,0.7407239819004524,0.6286563805850208,0.6723645833333334,0.8472850678733032,0.7066893014036215,0.6587916666666667
4bck,active,T3E,401.0,0.7350678733031675,0.5615792081860067,0.6853229166666667,0.8276018099547512,0.6287668756027001,0.6508437499999999
4bcm,active,T7Z,462.0,0.7719457013574661,0.5406688631736848,0.7096770833333333,0.85,0.624293501553627,0.6550520833333333
4bcn,active,T9N,324.0,0.7848416289592761,0.5637355351976856,0.7169583333333334,0.8459276018099547,0.653842547948141,0.67703125
4bco,active,T6Q,436.0,0.7108597285067874,0.5598983445837352,0.7238229166666668,0.8042986425339367,0.6314790260366441,0.66634375
4bcp,active,T3C,396.0,0.7217194570135747,0.596006777027751,0.7431458333333334,0.8006787330316743,0.6823569591771135,0.67521875
4bcq,active,TJF,414.0,0.7149321266968326,0.5473621825779491,0.66021875,0.826923076923077,0.6274442837244187,0.6231770833333334
4bgh,inact_b,3I6,306.0,0.7380090497737557,0.6007915461266473,0.6754479166666667,0.8552036199095022,0.6916519339976428,0.6585416666666666
4bzd,inact_b,D6I,366.0,0.8203619909502262,0.6102438926390228,0.75446875,0.8830316742081449,0.7087016500589307,0.7211979166666667
4cfm,active,4QE,314.0,0.7757918552036199,0.5851347369548913,0.75484375,0.8382352941176471,0.6660840565734489,0.6908020833333333
4cfn,active,JYM,242.0,0.8242081447963802,0.6158958802100075,0.7410520833333333,0.9004524886877828,0.6976956766313083,0.69446875
4cfu,active,2WC,358.0,0.7662895927601809,0.5707435979856422,0.7268020833333333,0.8807692307692307,0.6553760848601735,0.68821875
4cfv,active,75X,330.0,0.7766968325791855,0.5635781635058396,0.7359374999999999,0.889366515837104,0.6469784635165541,0.6923854166666666
4cfw,active,SQ9,392.0,0.7653846153846154,0.5476066109503911,0.6989270833333333,0.8805429864253395,0.6217119361405765,0.65834375
4cfx,active,G6T,380.0,0.7859728506787331,0.6322625361620058,0.734125,0.8590497737556562,0.6961688363870138,0.6863854166666666
4d1x,inact_a,ESJ,272.0,0.7090497737556561,0.51700618772099,0.6747916666666668,0.8006787330316743,0.6186649523197256,0.6506458333333334
4d1z,inact_b,WG8,273.0,0.6158371040723982,0.5914262562948677,0.6177812500000001,0.7131221719457014,0.6102773759777135,0.5941354166666666
4ek3,inact_a,,,0.6165158371040724,0.3903588074574092,0.6309895833333333,0.789819004524887,0.500398451730419,0.6200937499999999
4ek4,inact_a,1CK,190.0,0.6726244343891403,0.43743972999035685,0.7040000000000001,0.7934389140271493,0.560340324654452,0.66409375
4ek5,inact_a,03K,256.0,0.719683257918552,0.5796669077467054,0.6731562499999999,0.861764705882353,0.6869609182470803,0.65490625
4ek8,inact_a,16K,314.0,0.7839366515837104,0.5965960837887068,0.73684375,0.8683257918552036,0.6937078109932497,0.706625
4eoi,active,1RO,338.0,0.7099547511312218,0.6277489821065038,0.7562291666666666,0.7855203619909502,0.6999993303332261,0.69575
4eoj,active,ATP,398.0,0.7194570135746606,0.5614553198328511,0.6518645833333333,0.8144796380090499,0.6604387656702024,0.6426354166666667
4eok,active,4SP,380.0,0.7176470588235293,0.6204228276009858,0.72928125,0.869683257918552,0.682788894246223,0.6870520833333333
4eol,active,1RO,338.0,0.6307692307692307,0.646824440158577,0.7287395833333333,0.7509049773755656,0.6996075752705453,0.6763958333333333
4eom,active,ATP,402.0,0.6665158371040725,0.6335014196935604,0.7458020833333333,0.7592760180995475,0.6824406675238401,0.6714687500000001
4eon,active,1RO,338.0,0.6746606334841629,0.6295001607200257,0.7608958333333333,0.7712669683257919,0.6866662648666024,0.7040416666666667
4eoo,active,ATP,398.0,0.73710407239819,0.6667738133504767,0.71565625,0.81289592760181,0.7144976159862853,0.6493125
4eop,active,1RO,338.0,0.6819004524886878,0.6232555180542163,0.7340208333333332,0.7714932126696832,0.673704864459445,0.6758020833333334
4eoq,active,ATP,398.0,0.7298642533936651,0.6244374799099968,0.7543020833333334,0.8212669683257919,0.6892679202828673,0.6736250000000001
4eor,active,4SP,380.0,0.8321266968325792,0.652938497803493,0.6975416666666667,0.9090497737556561,0.7509743651558984,0.6791979166666666
4eos,active,1RO,338.0,0.7192307692307692,0.6112115611271831,0.7583229166666666,0.8260180995475114,0.6792664470159648,0.7004479166666666
4erw,inact_b,STU,440.0,0.7936651583710407,0.6564877317047038,0.7509583333333333,0.8472850678733032,0.6984825350905389,0.7062395833333334
4ez3,inact_b,0S0,284.0,0.7771493212669682,0.639143362262938,0.6762604166666667,0.9083710407239819,0.7688879513554056,0.65759375
4ez7,inact_ope,STU,440.0,0.6305429864253395,0.5733753884067287,0.7044791666666665,0.8063348416289593,0.6702594289081754,0.6743854166666666
4fkg,inact_a,4CK,258.0,0.7411764705882353,0.5657210971820422,0.6920625,0.8694570135746607,0.6616307725275903,0.6703541666666666
4fki,inact_a,09K,254.0,0.7907239819004525,0.5946573984785173,0.7398854166666667,0.9033936651583712,0.7002638487088825,0.7045208333333334
4fkj,inact_a,11K,328.0,0.8264705882352942,0.6245479749276761,0.7356354166666667,0.8990950226244344,0.7290427783135112,0.7066666666666667
4fkl,inact_a,CK2,196.0,0.5900452488687783,0.41377370620379295,0.60415625,0.7493212669683258,0.5259964641594342,0.5956458333333333
4fko,inact_b,20K,306.0,0.7554298642533936,0.60142772956177,0.7161666666666666,0.8714932126696833,0.6831002892960462,0.6935208333333334
4fkp,inact_a,LS5,342.0,0.772398190045249,0.6261317368477445,0.6732604166666666,0.9054298642533938,0.7313430836815601,0.6654270833333333
4fkq,inact_a,42K,346.0,0.8045248868778281,0.6618919425693774,0.7126666666666667,0.9171945701357466,0.7788894246223079,0.6910833333333333
4fkr,inact_a,45K,370.0,0.6755656108597285,0.6234497214186221,0.6403541666666667,0.8536199095022624,0.706257366334512,0.6431875
4fks,inact_a,46K,414.0,0.7760180995475113,0.6710462873674059,0.6769999999999999,0.9045248868778281,0.7547814207650274,0.66540625
4fkt,inact_a,48K,386.0,0.7108597285067874,0.6154036751312547,0.6586145833333333,0.8676470588235294,0.703103235829851,0.63734375
4fku,inact_a,60K,360.0,0.741628959276018,0.6317134094074788,0.73575,0.9149321266968325,0.725470106075217,0.68978125
4fkv,inact_a,61K,434.0,0.7420814479638009,0.6329924729454623,0.7013541666666666,0.8950226244343891,0.7388701382192222,0.67871875
4fkw,inact_b,62K,396.0,0.7169683257918553,0.6695596271295403,0.7089791666666667,0.8762443438914027,0.7672874477659917,0.6833125
4fx3,active,60K,360.0,0.7875565610859729,0.6403152791171114,0.7694166666666667,0.9031674208144796,0.7336199507125254,0.7306979166666666
4gcj,inact_b,X64,406.0,0.6787330316742082,0.5440473320475732,0.6598958333333333,0.8149321266968326,0.6318306010928962,0.6570625
4i3z,active,ADP,350.0,0.6950226244343891,0.5996899442837245,0.7428020833333333,0.7900452488687782,0.7005618504232294,0.6776041666666668
4ii5,active,ADP,350.0,0.6680995475113123,0.6528246544519447,0.70771875,0.7678733031674208,0.7034112825458052,0.6510416666666666
4kd1,inact_a,1QK,368.0,0.7228506787330317,0.4721184238722812,0.6706979166666668,0.8027149321266969,0.6106456927033108,0.6651770833333334
4lyn,inact_a,1YG,378.0,0.7819004524886878,0.5879540340726455,0.72690625,0.8531674208144796,0.6798423604414443,0.6851041666666666
4nj3,inact_b,2KD,448.0,0.6918552036199095,0.5775306707382407,0.7020729166666667,0.7911764705882353,0.6563772366870245,0.6611041666666666
4rj3,inact_a,3QS,364.0,0.7452488687782806,0.6066410853959071,0.6992291666666667,0.9099547511312217,0.6736546394514089,0.6868541666666667
5a14,dfg_out,LQ5,418.0,0.7248868778280544,0.4492325618772099,0.6617187499999999,0.8126696832579186,0.5565131790421086,0.6354791666666666
5and,inact_a,5JE,176.0,0.7674208144796381,0.6332603396549876,0.67746875,0.8658371040723981,0.7186930783242258,0.6539375000000001
5ane,inact_a,SZL,144.0,0.6920814479638009,0.4482079717132755,0.70240625,0.8101809954751132,0.5696319511411122,0.6739583333333333
5ani,inact_a,ES4,116.0,0.6271493212669683,0.43352887603128687,0.6573541666666667,0.7947963800904977,0.5329810886103077,0.6461145833333334
5anj,inact_a,ZXC,238.0,0.6755656108597285,0.4143362262937962,0.6639375,0.8042986425339368,0.5181111378977821,0.6423333333333334
5ank,inact_a,RJI,238.0,0.614027149321267,0.48076717025608057,0.6465000000000001,0.7717194570135747,0.557685095896282,0.6248645833333333
5ano,inact_a,,,0.7832579185520362,0.5920088663880853,0.6844895833333334,0.8538461538461538,0.7039202292939033,0.6631666666666667
5cyi,active,55S,390.0,0.7737556561085973,0.6322056144862317,0.7423854166666667,0.8733031674208145,0.7142665809493196,0.6881458333333332
5d1j,inact_b,56H,356.0,0.7497737556561085,0.6189093806921675,0.7453958333333334,0.815158371040724,0.6923651291117541,0.69340625
5fp5,inact_b,1Y6,120.0,0.7056561085972851,0.5484236044144434,0.6663020833333334,0.8085972850678734,0.6570669934640523,0.6357395833333334
5fp6,inact_b,MFZ,169.0,0.7404977375565611,0.6359122200792885,0.65428125,0.8377828054298643,0.7078210382513661,0.6364895833333333
5iev,inact_a,R0N,352.0,0.7615384615384616,0.6325370995392693,0.6943020833333333,0.8947963800904978,0.7166974713382621,0.6732812499999999
5iex,inact_a,6AF,340.0,0.7445701357466064,0.5875154023357977,0.678625,0.8796380090497739,0.6720474391942569,0.6668229166666667
5iey,inact_a,6AE,318.0,0.7042986425339366,0.5389411228972463,0.6453125,0.8192307692307692,0.6298383424408015,0.6458020833333333
5if1,active,,,0.8056561085972851,0.6014712579020679,0.7368333333333333,0.9015837104072397,0.6780242151505411,0.6970208333333333
5jq5,inact_a,I74,364.0,0.7217194570135748,0.5828377799207114,0.6986666666666667,0.8531674208144796,0.6801437104896604,0.6750416666666668
5jq8,inact_a,I73,364.0,0.7063348416289593,0.5630759134254795,0.7014583333333333,0.851131221719457,0.6658429765348763,0.6887395833333334
5k4j,inact_a,6QB,368.0,0.6787330316742082,0.5990135808421729,0.7045729166666667,0.8332579185520362,0.6831806493089039,0.684375
5l2w,active,1QK,368.0,0.781447963800905,0.5887944658737811,0.73621875,0.8357466063348417,0.6985126700953606,0.6885104166666667
5lmk,active,6ZK,400.0,0.7687782805429865,0.6378140737169185,0.7382083333333334,0.869683257918552,0.7260694578377799,0.6997708333333333
5nev,dfg_out,72L,424.0,0.8142533936651584,0.6220367245258759,0.7143437499999999,0.9099547511312217,0.7183850316082716,0.7011979166666666
5oo0,inact_a,,,0.6748868778280542,0.5392022929390335,0.6094583333333333,0.8122171945701357,0.6400541090753241,0.5971041666666667
5oo1,inact_b,9Z2,214.0,0.7079185520361991,0.5061107093110468,0.6391041666666667,0.8223981900452488,0.5965123754419801,0.6375
5oo3,inact_a,9ZB,200.0,0.6678733031674209,0.5357535090538948,0.6767395833333333,0.8099547511312217,0.640395639129969,0.6696562500000001
5osj,inact_a,,,0.6538461538461539,0.4578411282545805,0.6628958333333332,0.8380090497737557,0.5694143094396228,0.6458541666666666
5osm,inact_a,AEQ,230.0,0.6174208144796379,0.4217326958105646,0.6640624999999999,0.7380090497737557,0.5360515107682418,0.6432708333333333
5uq1,active,,,0.6255656108597286,0.5737637951355405,0.6712395833333333,0.7676470588235293,0.6647011946855244,0.6196354166666667
5uq2,active,,,0.6346153846153846,0.5964554537662059,0.6809999999999999,0.7787330316742082,0.6664054966248795,0.6378229166666667
6gub,active,F9Z,346.0,0.7248868778280543,0.5392692596164149,0.7496875,0.8314479638009049,0.6451737115611271,0.6857500000000001
6guc,active,SU9,230.0,0.7699095022624435,0.6015248312439729,0.6988333333333334,0.866289592760181,0.6791894353369763,0.66053125
6gue,active,FB8,350.0,0.7619909502262443,0.6145029733204758,0.7231354166666668,0.8502262443438915,0.6941363977284902,0.6700416666666666
6guf,active,23D,326.0,0.8368778280542987,0.6680160452159005,0.7427083333333333,0.9006787330316742,0.7410465552341156,0.6955
6guh,inact_b,FB8,350.0,0.7622171945701357,0.515650112504018,0.66940625,0.8135746606334842,0.594349351762563,0.652875
6guk,inact_a,FC8,326.0,0.7067873303167421,0.5899027643844423,0.7073229166666668,0.8547511312217194,0.676467239901425,0.67015625
6gva,active,FCQ,394.0,0.681447963800905,0.5813678613521912,0.6914791666666666,0.7914027149321267,0.6612256241294332,0.6562395833333334
6q3b,inact_a,,,0.6660633484162896,0.5229126486660237,0.6646041666666667,0.7877828054298643,0.634629808207436,0.63325
6q3c,inact_a,,,0.5857466063348415,0.42095923068681024,0.6491041666666666,0.7509049773755656,0.5348929872495446,0.6354791666666667
6q3f,inact_a,,,0.679185520361991,0.45410103932283297,0.6342916666666667,0.8443438914027149,0.5502350530376086,0.6215625
6q48,inact_a,HHQ,90.0,0.6438914027149322,0.5385527161684346,0.66009375,0.7981900452488688,0.6426088878174221,0.652875
6q49,inact_a,,,0.6619909502262443,0.43625441980070717,0.6548854166666667,0.8099547511312217,0.5402971981142184,0.6381770833333333
6q4a,inact_a,HGW,76.0,0.6298642533936651,0.43822993678345656,0.6134791666666667,0.7859728506787331,0.5500676363441551,0.6077916666666667
6q4b,inact_a,HHN,76.0,0.7022624434389141,0.4307932872602593,0.6457916666666667,0.8221719457013574,0.5457148023143683,0.6287604166666667
6q4c,inact_a,HH8,124.0,0.7138009049773756,0.45541693453337617,0.66390625,0.8423076923076923,0.5736198167791707,0.6421666666666667
6q4d,inact_a,HHT,156.0,0.6013574660633485,0.4589896067716704,0.6378125,0.7674208144796381,0.5658416372013286,0.61809375
6q4e,inact_a,HH5,130.0,0.6735294117647059,0.4753562627236687,0.7005833333333334,0.8160633484162896,0.5854461320047145,0.6732499999999999
6q4f,inact_a,26D,102.0,0.6748868778280542,0.4615644755169828,0.627875,0.7843891402714932,0.5693540394299796,0.6232395833333333
6q4g,inact_a,HJK,258.0,0.6296380090497737,0.44342989928211723,0.6684583333333333,0.8002262443438913,0.5217809118182792,0.653125
6q4h,inact_a,HGH,274.0,0.5343891402714932,0.5163900942890818,0.6743645833333333,0.7167420814479638,0.6317033644058716,0.6684166666666667
6q4i,inact_a,HGK,234.0,0.6441176470588235,0.4457302046501661,0.6980416666666667,0.7941176470588236,0.5766199239258545,0.67446875
6q4j,inact_a,HHB,218.0,0.5576923076923077,0.5484637844208722,0.72953125,0.7090497737556561,0.6512241508625308,0.6797187499999999
6q4k,inact_a,,,0.6515837104072398,0.43571868638165645,0.6367708333333333,0.7868778280542986,0.5398853530483232,0.6164791666666667
